codice_istat,cap
023001,37010
023002,37041
023003,37050
023004,37040
023005,37030
023006,37011
023007,37050
023008,37040
023009,37040
023010,37040
023011,37021
023012,37051
023013,37020
023014,37010
023015,37012
023016,37060
023017,37042
023018,37010
023018,37013
023019,37052
023020,37043
023021,37060
023022,37014
023023,37010
023024,37030
023025,37053
023026,37020
023027,37044
023028,37030
023029,37050
023030,37010
023031,37020
023032,37060
023033,37020
023034,37020
023035,37022
023036,37016
023037,37060
023038,37023
023039,37031
023040,37063
023041,37050
023042,37030
023043,37010
023043,37017
023044,37045
023045,37018
023046,37020
023047,37030
023048,37046
023049,37030
023050,37032
023051,37060
023052,37020
023052,37024
023053,37054
023054,37060
023055,37050
023056,37050
023057,37010
023058,37026
023059,37019
023060,37064
023061,37040
023062,37010
023063,37030
023064,37055
023065,37050
023066,37040
023067,37028
023068,37056
023069,37047
023070,37035
023071,37057
023072,37058
023073,37036
023074,37030
023075,37050
023076,37029
023077,37015
023078,37020
023079,37010
023080,37030
023081,37038
023082,37060
023082,37066
023083,37060
023084,37060
023085,37040
023086,37010
023087,37039
023088,37060
023089,37067
023090,37030
023091,37121
023091,37122
023091,37123
023091,37124
023091,37125
023091,37126
023091,37127
023091,37128
023091,37129
023091,37131
023091,37132
023091,37133
023091,37134
023091,37135
023091,37136
023091,37137
023091,37138
023091,37139
023091,37141
023091,37142
023092,37040
023093,37030
023094,37068
023095,37049
023096,37062
023096,37069
023097,37059
023098,37040
024001,36020
024002,36020
024003,36045
024004,36077
024005,36070
024006,36057
024007,36011
024008,36071
024009,36012
024010,36020
024012,36061
024013,36050
024014,36042
024015,36040
024016,36050
024017,36070
024018,36030
024019,36030
024020,36030
024021,36043
024022,36020
024024,36010
024025,36050
024026,36022
024028,36070
024029,36072
024030,36010
024032,36010
024034,36073
024035,36030
024036,36051
024037,36070
024038,36031
024039,36052
024040,36030
024041,36010
024042,36032
024043,36053
024046,36040
024047,36040
024048,36033
024049,36010
024050,36040
024051,36023
024052,36045
024053,36030
024055,36034
024056,36035
024057,36063
024060,36054
024061,36075
024062,36030
024063,36030
024064,36047
024065,36047
024066,36050
024067,36010
024068,36050
024070,36065
024072,36070
024073,36055
024074,36025
024075,36040
024076,36040
024077,36060
024078,36013
024079,36026
024080,36010
024081,36020
024082,36050
024083,36050
024084,36076
024085,36010
024086,36060
024087,36027
024088,36028
024089,36010
024090,36040
024091,36066
024094,36070
024095,36014
024096,36030
024097,36030
024098,36040
024099,36060
024100,36015
024101,36020
024102,36040
024104,36056
024105,36016
024106,36040
024107,36036
024108,36040
024110,36070
024111,36078
024112,36040
024113,36030
024115,36010
024116,36100
024117,36021
024118,36030
024119,36010
024120,36050
024121,36020
024122,36030
024123,36040
024124,36021
024124,36024
024124,36048
024125,36020
024125,36029
024126,36060
024126,36064
024127,36046
024127,36062
024128,36049
024128,36050
024129,36020
024129,36024
025001,32021
025003,32022
025004,32030
025005,32041
025006,32100
025007,32040
025008,32042
025010,32020
025011,32030
025012,32010
025013,32040
025014,32020
025015,32040
025016,32043
025017,32040
025018,32040
025019,32020
025021,32032
025022,32030
025023,32020
025025,32020
025026,32033
025027,32020
025029,32020
025030,32020
025032,32040
025033,32040
025035,32010
025036,32034
025037,32010
025039,32044
025040,32014
025043,32020
025044,32020
025044,32023
025045,32030
025046,32040
025047,32040
025048,32035
025049,32020
025050,32045
025051,32046
025053,32036
025054,32020
025055,32030
025056,32037
025057,32010
025058,32030
025059,32027
025060,32010
025062,32020
025063,32040
025065,32040
025066,32040
025067,32020
025069,32010
025071,32013
025072,32010
025072,32015
025072,32016
025073,32010
025073,32012
025074,32020
025074,32026
025074,32028
025075,32031
025075,32038
026001,31030
026002,31030
026003,31011
026004,31030
026005,31030
026006,31031
026007,31012
026008,31030
026008,31050
026009,31032
026010,31030
026011,31030
026012,31033
026013,31030
026014,31034
026015,31040
026016,31040
026017,31010
026018,31030
026019,31013
026020,31014
026021,31015
026022,31016
026023,31041
026025,31035
026026,31010
026026,31020
026027,31051
026028,31043
026029,31010
026030,31010
026031,31018
026032,31040
026033,31010
026034,31040
026035,31036
026036,31037
026037,31040
026038,31010
026039,31010
026040,31052
026041,31040
026042,31050
026043,31021
026044,31050
026045,31010
026046,31044
026047,31050
026048,31010
026049,31045
026050,31040
026051,31046
026052,31024
026053,31010
026055,31038
026056,31040
026057,31053
026058,31047
026059,31050
026060,31040
026061,31054
026062,31050
026063,31022
026064,31055
026065,31020
026066,31023
026067,31020
026068,31039
026069,31056
026070,31040
026071,31048
026072,31020
026073,31020
026074,31020
026075,31025
026076,31020
026077,31020
026078,31026
026079,31040
026080,31020
026081,31057
026082,31027
026083,31010
026083,31058
026084,31020
026085,31040
026086,31100
026087,31049
026088,31028
026089,31050
026090,31020
026091,31020
026091,31050
026092,31029
026093,31040
026094,31050
026095,31059
026096,31017
027001,30020
027002,30010
027003,30010
027004,30010
027005,30020
027005,30021
027006,30014
027007,30022
027008,30015
027009,30020
027010,30010
027011,30023
027012,30031
027013,30020
027014,30032
027015,30020
027016,30025
027017,30030
027018,30020
027019,30016
027019,30017
027020,30020
027021,30030
027022,30020
027023,30034
027024,30035
027025,30024
027026,30033
027027,30020
027028,30030
027029,30026
027030,30020
027031,30020
027032,30030
027033,30027
027034,30020
027034,30028
027035,30036
027036,30019
027036,30029
027037,30030
027037,30037
027038,30038
027039,30039
027040,30025
027041,30020
027042,30012
027042,30030
027042,30121
027042,30122
027042,30123
027042,30124
027042,30125
027042,30126
027042,30131
027042,30132
027042,30133
027042,30135
027042,30141
027042,30142
027042,30170
027042,30171
027042,30172
027042,30173
027042,30174
027042,30175
027042,30176
027043,30030
027044,30013
028001,35031
028002,35021
028003,35020
028004,35022
028005,35032
028006,35020
028007,35020
028008,35023
028009,35030
028010,35040
028011,35041
028012,35040
028013,35010
028014,35024
028015,35020
028016,35010
028017,35011
028018,35010
028019,35012
028020,35010
028021,35020
028023,35010
028026,35025
028027,35040
028028,35020
028029,35040
028030,35030
028031,35030
028032,35013
028033,35020
028034,35026
028035,35020
028036,35010
028037,35042
028038,35014
028039,35015
028040,35030
028041,35010
028042,35010
028043,35040
028044,35020
028045,35010
028046,35010
028047,35034
028048,35020
028049,35040
028050,35010
028052,35040
028053,35040
028054,35035
028055,35043
028056,35044
028057,35036
028058,35027
028059,35045
028060,35020
028060,35121
028060,35122
028060,35123
028060,35124
028060,35125
028060,35126
028060,35127
028060,35128
028060,35129
028060,35131
028060,35132
028060,35133
028060,35134
028060,35135
028060,35136
028060,35137
028060,35138
028060,35139
028060,35141
028060,35142
028060,35143
028061,35020
028062,35040
028063,35016
028064,35017
028065,35028
028066,35020
028067,35040
028068,35029
028069,35020
028070,35020
028071,35030
028072,35030
028073,35030
028075,35010
028076,35010
028077,35018
028078,35010
028079,35020
028080,35010
028082,35020
028083,35040
028084,35040
028085,35020
028086,35030
028087,35047
028088,35048
028089,35037
028090,35020
028091,35019
028092,35038
028093,35010
028094,35020
028095,35040
028096,35030
028097,35040
028099,35010
028100,35010
028101,35010
028102,35040
028103,35010
028104,35010
028105,35030
028106,35020
028107,35040
028107,35046
028108,35040
029001,45011
029002,45012
029003,45031
029004,45021
029005,45022
029006,45032
029007,45033
029008,45030
029009,45034
029010,45020
029011,45020
029012,45035
029013,45030
029014,45030
029015,45010
029017,45015
029018,45023
029019,45030
029021,45036
029022,45024
029023,45030
029024,45025
029025,45030
029026,45010
029027,45020
029028,45030
029029,45026
029030,45017
029031,45020
029032,45037
029033,45030
029034,45010
029035,45010
029036,45020
029037,45038
029038,45030
029039,45018
029040,45010
029041,45100
029042,45030
029043,45020
029044,45030
029045,45039
029046,45010
029046,45019
029047,45027
029048,45010
029049,45030
029050,45020
029051,45030
029052,45014
